LOCATION,INDUSTRY,BATCH,AI_OR_NOT
"Boston, MA, USA",B2B,Winter 2025,AI Related
"Stanford, CA, USA",Education,Winter 2025,AI Related
"El Segundo, CA, USA",Industrials,Winter 2025,Not AI Related
"Copenhagen, Denmark",Education,Winter 2025,AI Related
Remote,B2B,Winter 2025,AI Related
"Toronto, ON, Canada",Fintech,Winter 2025,Not AI Related
"San Mateo, CA, USA",B2B,Winter 2025,AI Related
"Berlin, Berlin, Germany",Fintech,Winter 2025,Not AI Related
"Bogota, Bogota, Colombia",B2B,Winter 2025,AI Related
"Austin, TX, USA",Healthcare,Winter 2025,AI Related
"Amsterdam, NH, Netherlands",B2B,Winter 2025,Not AI Related
Remote,B2B,Winter 2025,AI Related
"Toronto, ON, Canada",Industrials,Winter 2025,Not AI Related
Remote,B2B,Winter 2025,AI Related
"Atlanta, GA, USA",Industrials,Winter 2025,Not AI Related
"Menlo Park, CA, USA",Healthcare,Winter 2025,AI Related
"Stockholm, Stockholm County, Sweden",Fintech,Winter 2025,AI Related
"London, England, United Kingdom",Fintech,Spring 2025,Not AI Related
"London, England, United Kingdom",B2B,Spring 2025,AI Related
"London, England, United Kingdom",B2B,Spring 2025,AI Related
Remote,B2B,Spring 2025,Not AI Related
"Cocoa, FL, USA",B2B,Spring 2025,AI Related
"New York, NY, USA",Education,Winter 2025,AI Related
"New York, NY, USA",Government,Winter 2025,Not AI Related
"New York, NY, USA",B2B,Winter 2025,Not AI Related
"New York, NY, USA",B2B,Winter 2025,AI Related
"New York, NY, USA",B2B,Winter 2025,Not AI Related
"New York, NY, USA",B2B,Winter 2025,AI Related
"New York, NY, USA",Fintech,Winter 2025,Not AI Related
"New York, NY, USA",B2B,Winter 2025,AI Related
"New York, NY, USA",Real Estate and Construction,Winter 2025,AI Related
"New York, NY, USA",Education,Winter 2025,AI Related
"New York, NY, USA",Consumer,Winter 2025,Not AI Related
"New York, NY, USA",Consumer,Winter 2025,AI Related
"New York, NY, USA",Fintech,Spring 2025,Not AI Related
"New York, NY, USA",B2B,Spring 2025,AI Related
"New York, NY, USA",Healthcare,Spring 2025,AI Related
"New York, NY, USA",B2B,Spring 2025,AI Related
"San Francisco, CA, USA",Healthcare,Winter 2025,Not AI Related
"San Francisco, CA, USA",B2B,Winter 2025,Not AI Related
"San Francisco, CA, USA",Healthcare,Winter 2025,Not AI Related
"San Francisco, CA, USA",Healthcare,Winter 2025,AI Related
"San Francisco, CA, USA",B2B,Winter 2025,Not AI Related
"San Francisco, CA, USA",B2B,Winter 2025,AI Related
"San Francisco, CA, USA",Education,Winter 2025,AI Related
"San Francisco, CA, USA",Industrials,Winter 2025,AI Related
"San Francisco, CA, USA",B2B,Spring 2025,AI Related
"San Francisco, CA, USA",B2B,Winter 2025,AI Related
"San Francisco, CA, USA",Government,Winter 2025,AI Related
"San Francisco, CA, USA",B2B,Winter 2025,AI Related
"San Francisco, CA, USA",B2B,Winter 2025,AI Related
"San Francisco, CA, USA",Industrials,Winter 2025,Not AI Related
"San Francisco, CA, USA",Consumer,Winter 2025,AI Related
"San Francisco, CA, USA",Industrials,Winter 2025,AI Related
"San Francisco, CA, USA",B2B,Winter 2025,Not AI Related
"San Francisco, CA, USA",B2B,Winter 2025,AI Related
"San Francisco, CA, USA",B2B,Winter 2025,Not AI Related
"San Francisco, CA, USA",B2B,Winter 2025,AI Related
"San Francisco, CA, USA",B2B,Winter 2025,AI Related
"San Francisco, CA, USA",B2B,Winter 2025,AI Related
"San Francisco, CA, USA",B2B,Winter 2025,Not AI Related
"San Francisco, CA, USA",B2B,Winter 2025,AI Related
"San Francisco, CA, USA",Healthcare,Winter 2025,AI Related
"San Francisco, CA, USA",B2B,Winter 2025,Not AI Related
"San Francisco, CA, USA",B2B,Winter 2025,AI Related
"San Francisco, CA, USA",B2B,Winter 2025,AI Related
"San Francisco, CA, USA",B2B,Winter 2025,AI Related
"San Francisco, CA, USA",B2B,Winter 2025,AI Related
"San Francisco, CA, USA",B2B,Winter 2025,AI Related
"San Francisco, CA, USA",B2B,Winter 2025,AI Related
"San Francisco, CA, USA",Industrials,Winter 2025,AI Related
"San Francisco, CA, USA",B2B,Winter 2025,Not AI Related
"San Francisco, CA, USA",B2B,Winter 2025,AI Related
"San Francisco, CA, USA",Industrials,Winter 2025,Not AI Related
"San Francisco, CA, USA",B2B,Winter 2025,Not AI Related
"San Francisco, CA, USA",Healthcare,Winter 2025,AI Related
"San Francisco, CA, USA",B2B,Winter 2025,AI Related
"San Francisco, CA, USA",B2B,Winter 2025,Not AI Related
"San Francisco, CA, USA",Consumer,Winter 2025,AI Related
"San Francisco, CA, USA",Consumer,Winter 2025,Not AI Related
"San Francisco, CA, USA",B2B,Winter 2025,AI Related
"San Francisco, CA, USA",Education,Winter 2025,AI Related
"San Francisco, CA, USA",Healthcare,Winter 2025,AI Related
"San Francisco, CA, USA",B2B,Winter 2025,Not AI Related
"San Francisco, CA, USA",B2B,Winter 2025,Not AI Related
"San Francisco, CA, USA",B2B,Winter 2025,AI Related
"San Francisco, CA, USA",B2B,Winter 2025,AI Related
"San Francisco, CA, USA",Consumer,Winter 2025,Not AI Related
"San Francisco, CA, USA",Industrials,Winter 2025,AI Related
"San Francisco, CA, USA",B2B,Winter 2025,AI Related
"San Francisco, CA, USA",Healthcare,Winter 2025,AI Related
"San Francisco, CA, USA",Healthcare,Winter 2025,Not AI Related
"San Francisco, CA, USA",B2B,Winter 2025,AI Related
"San Francisco, CA, USA",Consumer,Winter 2025,Not AI Related
"San Francisco, CA, USA",B2B,Winter 2025,AI Related
"San Francisco, CA, USA",B2B,Winter 2025,AI Related
"San Francisco, CA, USA",B2B,Winter 2025,AI Related
"San Francisco, CA, USA",B2B,Winter 2025,AI Related
"San Francisco, CA, USA",B2B,Winter 2025,Not AI Related
"San Francisco, CA, USA",B2B,Winter 2025,AI Related
"San Francisco, CA, USA",B2B,Winter 2025,AI Related
"San Francisco, CA, USA",B2B,Winter 2025,AI Related
"San Francisco, CA, USA",B2B,Winter 2025,Not AI Related
"San Francisco, CA, USA",B2B,Winter 2025,AI Related
"San Francisco, CA, USA",Fintech,Winter 2025,AI Related
"San Francisco, CA, USA",B2B,Winter 2025,AI Related
"San Francisco, CA, USA",B2B,Winter 2025,Not AI Related
"San Francisco, CA, USA",Fintech,Winter 2025,Not AI Related
"San Francisco, CA, USA",B2B,Winter 2025,AI Related
"San Francisco, CA, USA",B2B,Winter 2025,AI Related
"San Francisco, CA, USA",Government,Winter 2025,Not AI Related
"San Francisco, CA, USA",B2B,Winter 2025,AI Related
"San Francisco, CA, USA",B2B,Winter 2025,AI Related
"San Francisco, CA, USA",B2B,Winter 2025,AI Related
"San Francisco, CA, USA",B2B,Winter 2025,Not AI Related
"San Francisco, CA, USA",Consumer,Spring 2025,AI Related
"San Francisco, CA, USA",B2B,Winter 2025,AI Related
"San Francisco, CA, USA",B2B,Winter 2025,AI Related
"San Francisco, CA, USA",B2B,Winter 2025,AI Related
"San Francisco, CA, USA",B2B,Winter 2025,Not AI Related
"San Francisco, CA, USA",B2B,Winter 2025,Not AI Related
"San Francisco, CA, USA",Consumer,Winter 2025,AI Related
"San Francisco, CA, USA",Industrials,Winter 2025,Not AI Related
"San Francisco, CA, USA",B2B,Winter 2025,Not AI Related
"San Francisco, CA, USA",B2B,Winter 2025,AI Related
"San Francisco, CA, USA",B2B,Summer 2025,AI Related
"San Francisco, CA, USA",B2B,Winter 2025,AI Related
"San Francisco, CA, USA",B2B,Winter 2025,AI Related
"San Francisco, CA, USA",Real Estate and Construction,Summer 2025,AI Related
"San Francisco, CA, USA",Consumer,Winter 2025,Not AI Related
"San Francisco, CA, USA",B2B,Spring 2025,AI Related
"San Francisco, CA, USA",Fintech,Spring 2025,AI Related
"San Francisco, CA, USA",Healthcare,Spring 2025,AI Related
"San Francisco, CA, USA",B2B,Spring 2025,AI Related
"San Francisco, CA, USA",B2B,Spring 2025,Not AI Related
"San Francisco, CA, USA",Healthcare,Spring 2025,AI Related
"San Francisco, CA, USA",Industrials,Spring 2025,AI Related
"San Francisco, CA, USA",B2B,Summer 2025,AI Related
"San Francisco, CA, USA",Industrials,Spring 2025,AI Related
"San Francisco, CA, USA",B2B,Spring 2025,AI Related
"San Francisco, CA, USA",Healthcare,Spring 2025,AI Related
"San Francisco, CA, USA",B2B,Spring 2025,Not AI Related
"San Francisco, CA, USA",Fintech,Spring 2025,AI Related
"San Francisco, CA, USA",B2B,Spring 2025,AI Related
"San Francisco, CA, USA",Industrials,Spring 2025,Not AI Related
"San Francisco, CA, USA",Industrials,Spring 2025,AI Related
"San Francisco, CA, USA",Healthcare,Spring 2025,AI Related
"San Francisco, CA, USA",B2B,Spring 2025,Not AI Related
"San Francisco, CA, USA",B2B,Spring 2025,Not AI Related
"San Francisco, CA, USA",B2B,Spring 2025,AI Related
"San Francisco, CA, USA",B2B,Spring 2025,AI Related
"San Francisco, CA, USA",B2B,Spring 2025,AI Related
"San Francisco, CA, USA",B2B,Spring 2025,Not AI Related
"San Francisco, CA, USA",B2B,Spring 2025,AI Related
"San Francisco, CA, USA",B2B,Spring 2025,Not AI Related
"San Francisco, CA, USA",B2B,Spring 2025,AI Related
"San Francisco, CA, USA",B2B,Spring 2025,Not AI Related
"San Francisco, CA, USA",B2B,Spring 2025,AI Related
"San Francisco, CA, USA",Education,Spring 2025,Not AI Related
"San Francisco, CA, USA",B2B,Spring 2025,AI Related
"San Francisco, CA, USA",B2B,Spring 2025,Not AI Related
"San Francisco, CA, USA",B2B,Spring 2025,AI Related
"San Francisco, CA, USA",B2B,Spring 2025,Not AI Related
"San Francisco, CA, USA",B2B,Spring 2025,AI Related
"San Francisco, CA, USA",B2B,Spring 2025,AI Related
"San Francisco, CA, USA",B2B,Spring 2025,Not AI Related
"San Francisco, CA, USA",B2B,Spring 2025,AI Related
"San Francisco, CA, USA",B2B,Spring 2025,AI Related
"San Francisco, CA, USA",Fintech,Winter 2025,AI Related
"San Francisco, CA, USA",B2B,Summer 2025,AI Related
"San Francisco, CA, USA",Industrials,Winter 2025,Not AI Related
"San Francisco, CA, USA",Real Estate and Construction,Winter 2025,AI Related
"San Francisco, CA, USA",B2B,Winter 2025,AI Related
"San Francisco, CA, USA",B2B,Winter 2025,AI Related
"San Francisco, CA, USA",Real Estate and Construction,Winter 2025,AI Related
"San Francisco, CA, USA",B2B,Winter 2025,Not AI Related
"San Francisco, CA, USA",B2B,Spring 2025,Not AI Related
"San Francisco, CA, USA",Fintech,Winter 2025,Not AI Related
"San Francisco, CA, USA",B2B,Winter 2025,AI Related
"San Francisco, CA, USA",B2B,Winter 2025,AI Related
"San Francisco, CA, USA",Industrials,Winter 2025,AI Related
"San Francisco, CA, USA",Healthcare,Winter 2025,AI Related
"San Francisco, CA, USA",B2B,Winter 2025,AI Related
"San Francisco, CA, USA",Industrials,Winter 2025,Not AI Related
"San Francisco, CA, USA",B2B,Winter 2025,AI Related
"San Francisco, CA, USA",B2B,Winter 2025,AI Related
"San Francisco, CA, USA",B2B,Winter 2025,Not AI Related
"San Francisco, CA, USA",B2B,Winter 2025,AI Related
"San Francisco, CA, USA",B2B,Winter 2025,AI Related
"San Francisco, CA, USA",Fintech,Winter 2025,AI Related
"San Francisco, CA, USA",Fintech,Winter 2025,Not AI Related
"San Francisco, CA, USA",Industrials,Winter 2025,Not AI Related
"San Francisco, CA, USA",B2B,Winter 2025,AI Related
"San Francisco, CA, USA",Consumer,Winter 2025,Not AI Related
"San Francisco, CA, USA",B2B,Winter 2025,Not AI Related
"San Francisco, CA, USA",Government,Winter 2025,AI Related
"San Francisco, CA, USA",B2B,Winter 2025,Not AI Related
"San Francisco, CA, USA",Consumer,Winter 2025,AI Related
"San Francisco, CA, USA",B2B,Winter 2025,AI Related
"San Francisco, CA, USA",Industrials,Winter 2025,Not AI Related
"San Francisco, CA, USA",B2B,Winter 2025,Not AI Related
"San Francisco, CA, USA",B2B,Winter 2025,Not AI Related
"San Francisco, CA, USA",Real Estate and Construction,Winter 2025,AI Related
"San Francisco, CA, USA",B2B,Winter 2025,AI Related
"San Francisco, CA, USA",Industrials,Winter 2025,Not AI Related
"San Francisco, CA, USA",B2B,Winter 2025,AI Related
"San Francisco, CA, USA",B2B,Winter 2025,AI Related
"San Francisco, CA, USA",B2B,Winter 2025,AI Related
"San Francisco, CA, USA",B2B,Winter 2025,Not AI Related
"San Francisco, CA, USA",B2B,Winter 2025,AI Related
"San Francisco, CA, USA",B2B,Spring 2025,AI Related
"San Francisco, CA, USA",B2B,Winter 2025,Not AI Related
"San Francisco, CA, USA",B2B,Winter 2025,AI Related
"San Francisco, CA, USA",B2B,Winter 2025,AI Related
"San Francisco, CA, USA",B2B,Winter 2025,Not AI Related
"San Francisco, CA, USA",B2B,Winter 2025,AI Related
"San Francisco, CA, USA",B2B,Winter 2025,AI Related
"San Francisco, CA, USA",B2B,Summer 2025,AI Related
"San Francisco, CA, USA",Fintech,Winter 2025,Not AI Related
"San Francisco, CA, USA",Industrials,Winter 2025,Not AI Related
"San Francisco, CA, USA",B2B,Spring 2025,AI Related
"San Francisco, CA, USA",B2B,Spring 2025,Not AI Related
"San Francisco, CA, USA",B2B,Spring 2025,Not AI Related
"San Francisco, CA, USA",B2B,Spring 2025,Not AI Related
"San Francisco, CA, USA",B2B,Spring 2025,Not AI Related
"San Francisco, CA, USA",Fintech,Spring 2025,AI Related
"San Francisco, CA, USA",B2B,Spring 2025,AI Related
"San Francisco, CA, USA",B2B,Spring 2025,AI Related
"San Francisco, CA, USA",Healthcare,Spring 2025,AI Related
"San Francisco, CA, USA",Consumer,Spring 2025,AI Related
"San Francisco, CA, USA",B2B,Spring 2025,AI Related
"San Francisco, CA, USA",Healthcare,Spring 2025,AI Related
"San Francisco, CA, USA",Industrials,Spring 2025,AI Related
"San Francisco, CA, USA",B2B,Spring 2025,AI Related
"San Francisco, CA, USA",Education,Spring 2025,AI Related
"San Francisco, CA, USA",Education,Spring 2025,Not AI Related
"San Francisco, CA, USA",Industrials,Spring 2025,AI Related
"San Francisco, CA, USA",Government,Spring 2025,AI Related
"San Francisco, CA, USA",B2B,Spring 2025,AI Related
"San Francisco, CA, USA",B2B,Spring 2025,Not AI Related
"San Francisco, CA, USA",B2B,Spring 2025,AI Related
"San Francisco, CA, USA",B2B,Spring 2025,Not AI Related
"San Francisco, CA, USA",B2B,Spring 2025,AI Related
"San Francisco, CA, USA",Real Estate and Construction,Spring 2025,AI Related
"San Francisco, CA, USA",Industrials,Spring 2025,Not AI Related
"San Francisco, CA, USA",B2B,Spring 2025,Not AI Related
"San Francisco, CA, USA",B2B,Spring 2025,AI Related
"San Francisco, CA, USA",B2B,Spring 2025,Not AI Related
"San Francisco, CA, USA",B2B,Spring 2025,AI Related
"San Francisco, CA, USA",B2B,Spring 2025,AI Related
"San Francisco, CA, USA",B2B,Spring 2025,AI Related
"San Francisco, CA, USA",Healthcare,Spring 2025,Not AI Related
"San Francisco, CA, USA",B2B,Spring 2025,AI Related
"San Francisco, CA, USA",Healthcare,Spring 2025,AI Related
"San Francisco, CA, USA",B2B,Spring 2025,AI Related
"San Francisco, CA, USA",B2B,Summer 2025,Not AI Related
"Redwood City, CA, USA",B2B,Spring 2025,AI Related
"Cambridge, England, United Kingdom",Industrials,Spring 2025,AI Related
"Boston, MA, USA",Industrials,Spring 2025,Not AI Related
"London, England, United Kingdom",B2B,Summer 2025,AI Related
"Cambridge, MA, USA",Healthcare,Spring 2025,Not AI Related
"Paris, Île-de-France, France",B2B,Spring 2025,AI Related
"Cupertino, CA, USA",B2B,Summer 2025,Not AI Related
"London, England, United Kingdom",B2B,Summer 2025,AI Related
"Dublin, CA, USA",B2B,Summer 2025,AI Related
"Overland Park, KS, USA",B2B,Summer 2025,AI Related
"Bielefeld, NRW, Germany",B2B,Summer 2025,Not AI Related
Remote,Fintech,Summer 2025,Not AI Related
"New York, NY, USA",B2B,Spring 2025,Not AI Related
"New York, NY, USA",B2B,Spring 2025,AI Related
"New York, NY, USA",B2B,Spring 2025,AI Related
"New York, NY, USA",B2B,Spring 2025,Not AI Related
"New York, NY, USA",B2B,Summer 2025,AI Related
"New York, NY, USA",B2B,Summer 2025,Not AI Related
"New York, NY, USA",Real Estate and Construction,Summer 2025,AI Related
"New York, NY, USA",Consumer,Summer 2025,Not AI Related
"New York, NY, USA",B2B,Summer 2025,Not AI Related
"New York, NY, USA",B2B,Summer 2025,AI Related
"New York, NY, USA",Healthcare,Summer 2025,AI Related
"New York, NY, USA",Fintech,Summer 2025,Not AI Related
"New York, NY, USA",B2B,Summer 2025,AI Related
"New York, NY, USA",Healthcare,Summer 2025,AI Related
"New York, NY, USA",B2B,Summer 2025,AI Related
"New York, NY, USA",Real Estate and Construction,Summer 2025,AI Related
"São Paulo, SP, Brazil",Fintech,Summer 2025,Not AI Related
"Santa Clara, CA, USA",Consumer,Summer 2025,Not AI Related
"Detroit, MI, USA",Industrials,Summer 2025,Not AI Related
"San Francisco, CA, USA",B2B,Spring 2025,AI Related
"San Francisco, CA, USA",B2B,Spring 2025,Not AI Related
"San Francisco, CA, USA",B2B,Spring 2025,Not AI Related
"San Francisco, CA, USA",B2B,Spring 2025,Not AI Related
"San Francisco, CA, USA",Consumer,Spring 2025,Not AI Related
"San Francisco, CA, USA",B2B,Spring 2025,AI Related
"San Francisco, CA, USA",B2B,Spring 2025,AI Related
"San Francisco, CA, USA",B2B,Spring 2025,AI Related
"San Francisco, CA, USA",B2B,Summer 2025,AI Related
"San Francisco, CA, USA",B2B,Spring 2025,AI Related
"San Francisco, CA, USA",B2B,Spring 2025,Not AI Related
"San Francisco, CA, USA",B2B,Spring 2025,Not AI Related
"San Francisco, CA, USA",B2B,Spring 2025,Not AI Related
"San Francisco, CA, USA",Healthcare,Spring 2025,AI Related
"San Francisco, CA, USA",Industrials,Spring 2025,AI Related
"San Francisco, CA, USA",B2B,Spring 2025,AI Related
"San Francisco, CA, USA",B2B,Spring 2025,AI Related
"San Francisco, CA, USA",B2B,Spring 2025,AI Related
"San Francisco, CA, USA",B2B,Spring 2025,AI Related
"San Francisco, CA, USA",Government,Spring 2025,Not AI Related
"San Francisco, CA, USA",B2B,Spring 2025,AI Related
"San Francisco, CA, USA",Consumer,Spring 2025,Not AI Related
"San Francisco, CA, USA",B2B,Spring 2025,Not AI Related
"San Francisco, CA, USA",B2B,Spring 2025,Not AI Related
"San Francisco, CA, USA",B2B,Spring 2025,AI Related
"San Francisco, CA, USA",B2B,Spring 2025,AI Related
"San Francisco, CA, USA",B2B,Spring 2025,AI Related
"San Francisco, CA, USA",Healthcare,Spring 2025,AI Related
"San Francisco, CA, USA",B2B,Spring 2025,AI Related
"San Francisco, CA, USA",Industrials,Spring 2025,Not AI Related
"San Francisco, CA, USA",B2B,Spring 2025,AI Related
"San Francisco, CA, USA",Consumer,Summer 2025,Not AI Related
"San Francisco, CA, USA",Consumer,Summer 2025,AI Related
"San Francisco, CA, USA",B2B,Summer 2025,Not AI Related
"San Francisco, CA, USA",Consumer,Summer 2025,AI Related
"San Francisco, CA, USA",B2B,Summer 2025,AI Related
"San Francisco, CA, USA",Industrials,Summer 2025,AI Related
"San Francisco, CA, USA",B2B,Summer 2025,AI Related
"San Francisco, CA, USA",B2B,Summer 2025,Not AI Related
"San Francisco, CA, USA",B2B,Summer 2025,Not AI Related
"San Francisco, CA, USA",B2B,Summer 2025,Not AI Related
"San Francisco, CA, USA",B2B,Summer 2025,AI Related
"San Francisco, CA, USA",B2B,Summer 2025,AI Related
"San Francisco, CA, USA",B2B,Summer 2025,AI Related
"San Francisco, CA, USA",B2B,Summer 2025,Not AI Related
"San Francisco, CA, USA",Healthcare,Summer 2025,Not AI Related
"San Francisco, CA, USA",Fintech,Summer 2025,AI Related
"San Francisco, CA, USA",B2B,Summer 2025,AI Related
"San Francisco, CA, USA",B2B,Summer 2025,AI Related
"San Francisco, CA, USA",Fintech,Summer 2025,Not AI Related
"San Francisco, CA, USA",B2B,Summer 2025,Not AI Related
"San Francisco, CA, USA",B2B,Summer 2025,Not AI Related
"San Francisco, CA, USA",B2B,Summer 2025,AI Related
"San Francisco, CA, USA",Healthcare,Summer 2025,AI Related
"San Francisco, CA, USA",Industrials,Summer 2025,AI Related
"San Francisco, CA, USA",Real Estate and Construction,Summer 2025,Not AI Related
"San Francisco, CA, USA",B2B,Summer 2025,AI Related
"San Francisco, CA, USA",B2B,Summer 2025,AI Related
"San Francisco, CA, USA",Government,Summer 2025,AI Related
"San Francisco, CA, USA",Consumer,Summer 2025,AI Related
"San Francisco, CA, USA",B2B,Summer 2025,AI Related
"San Francisco, CA, USA",B2B,Summer 2025,AI Related
"San Francisco, CA, USA",B2B,Summer 2025,AI Related
"San Francisco, CA, USA",B2B,Summer 2025,Not AI Related
"San Francisco, CA, USA",B2B,Summer 2025,Not AI Related
"San Francisco, CA, USA",B2B,Summer 2025,Not AI Related
"San Francisco, CA, USA",B2B,Summer 2025,AI Related
"San Francisco, CA, USA",B2B,Summer 2025,AI Related
"San Francisco, CA, USA",B2B,Summer 2025,AI Related
"San Francisco, CA, USA",B2B,Summer 2025,Not AI Related
"San Francisco, CA, USA",B2B,Summer 2025,AI Related
"San Francisco, CA, USA",Education,Summer 2025,AI Related
"San Francisco, CA, USA",B2B,Summer 2025,Not AI Related
"San Francisco, CA, USA",B2B,Summer 2025,AI Related
"San Francisco, CA, USA",B2B,Summer 2025,Not AI Related
"San Francisco, CA, USA",B2B,Summer 2025,AI Related
"San Francisco, CA, USA",B2B,Summer 2025,AI Related
"San Francisco, CA, USA",B2B,Summer 2025,AI Related
"San Francisco, CA, USA",B2B,Summer 2025,Not AI Related
"San Francisco, CA, USA",Healthcare,Summer 2025,AI Related
"San Francisco, CA, USA",B2B,Summer 2025,Not AI Related
"San Francisco, CA, USA",Consumer,Summer 2025,AI Related
"San Francisco, CA, USA",B2B,Summer 2025,AI Related
"San Francisco, CA, USA",Industrials,Summer 2025,Not AI Related
"San Francisco, CA, USA",B2B,Summer 2025,Not AI Related
"San Francisco, CA, USA",B2B,Summer 2025,AI Related
"San Francisco, CA, USA",B2B,Summer 2025,Not AI Related
"San Francisco, CA, USA",B2B,Summer 2025,AI Related
"San Francisco, CA, USA",Healthcare,Summer 2025,AI Related
"San Francisco, CA, USA",Healthcare,Summer 2025,Not AI Related
"San Francisco, CA, USA",B2B,Summer 2025,AI Related
"San Francisco, CA, USA",B2B,Summer 2025,AI Related
"San Francisco, CA, USA",B2B,Summer 2025,AI Related
"San Francisco, CA, USA",Healthcare,Summer 2025,Not AI Related
"San Francisco, CA, USA",Industrials,Summer 2025,Not AI Related
"San Francisco, CA, USA",B2B,Summer 2025,Not AI Related
"San Francisco, CA, USA",B2B,Summer 2025,Not AI Related
"San Francisco, CA, USA",Consumer,Summer 2025,Not AI Related
"San Francisco, CA, USA",Industrials,Summer 2025,Not AI Related
"San Francisco, CA, USA",B2B,Summer 2025,AI Related
"San Francisco, CA, USA",B2B,Summer 2025,Not AI Related
"San Francisco, CA, USA",Consumer,Summer 2025,Not AI Related
"San Francisco, CA, USA",Fintech,Summer 2025,Not AI Related
"San Francisco, CA, USA",Healthcare,Summer 2025,Not AI Related
"San Francisco, CA, USA",Industrials,Summer 2025,Not AI Related
"San Francisco, CA, USA",B2B,Summer 2025,Not AI Related
"San Francisco, CA, USA",B2B,Summer 2025,AI Related
"San Francisco, CA, USA",B2B,Summer 2025,Not AI Related
"San Francisco, CA, USA",Consumer,Summer 2025,AI Related
"San Francisco, CA, USA",B2B,Summer 2025,Not AI Related
"San Francisco, CA, USA",B2B,Summer 2025,Not AI Related
"San Francisco, CA, USA",B2B,Summer 2025,AI Related
"San Francisco, CA, USA",Education,Summer 2025,AI Related
"San Francisco, CA, USA",B2B,Summer 2025,AI Related
"San Francisco, CA, USA",B2B,Summer 2025,AI Related
"San Francisco, CA, USA",B2B,Summer 2025,AI Related
"San Francisco, CA, USA",B2B,Summer 2025,Not AI Related
"San Francisco, CA, USA",B2B,Summer 2025,AI Related
"San Francisco, CA, USA",B2B,Summer 2025,AI Related
"San Francisco, CA, USA",Healthcare,Summer 2025,Not AI Related
"San Francisco, CA, USA",Real Estate and Construction,Summer 2025,Not AI Related
"San Francisco, CA, USA",B2B,Summer 2025,AI Related
"San Francisco, CA, USA",Industrials,Summer 2025,Not AI Related
"San Francisco, CA, USA",B2B,Summer 2025,AI Related
"San Francisco, CA, USA",Education,Summer 2025,AI Related
"San Francisco, CA, USA",Healthcare,Summer 2025,AI Related
"San Francisco, CA, USA",B2B,Summer 2025,AI Related
"San Francisco, CA, USA",B2B,Summer 2025,AI Related
"San Francisco, CA, USA",B2B,Summer 2025,AI Related
"San Francisco, CA, USA",B2B,Summer 2025,AI Related
"San Francisco, CA, USA",B2B,Summer 2025,Not AI Related
"San Francisco, CA, USA",Consumer,Summer 2025,AI Related
"San Francisco, CA, USA",B2B,Summer 2025,Not AI Related
"San Francisco, CA, USA",B2B,Summer 2025,Not AI Related
"San Francisco, CA, USA",B2B,Summer 2025,Not AI Related
"San Francisco, CA, USA",Real Estate and Construction,Summer 2025,AI Related
"San Francisco, CA, USA",B2B,Summer 2025,Not AI Related
"San Francisco, CA, USA",B2B,Summer 2025,Not AI Related
"San Francisco, CA, USA",Healthcare,Summer 2025,AI Related
"San Francisco, CA, USA",B2B,Summer 2025,AI Related
"San Francisco, CA, USA",B2B,Summer 2025,AI Related
"San Francisco, CA, USA",B2B,Summer 2025,AI Related
"San Francisco, CA, USA",Fintech,Summer 2025,AI Related
"San Francisco, CA, USA",B2B,Summer 2025,AI Related
"San Francisco, CA, USA",B2B,Summer 2025,AI Related
"San Francisco, CA, USA",Fintech,Summer 2025,AI Related
"San Francisco, CA, USA",B2B,Spring 2025,AI Related
"San Francisco, CA, USA",B2B,Spring 2025,AI Related
"San Francisco, CA, USA",B2B,Spring 2025,AI Related
"San Francisco, CA, USA",Industrials,Spring 2025,AI Related
"San Francisco, CA, USA",Industrials,Spring 2025,Not AI Related
"San Francisco, CA, USA",Fintech,Spring 2025,Not AI Related
"San Francisco, CA, USA",B2B,Spring 2025,AI Related
"San Francisco, CA, USA",B2B,Spring 2025,Not AI Related
"San Francisco, CA, USA",B2B,Spring 2025,Not AI Related
"San Francisco, CA, USA",B2B,Spring 2025,AI Related
"San Francisco, CA, USA",B2B,Spring 2025,Not AI Related
"San Francisco, CA, USA",B2B,Spring 2025,Not AI Related
"San Francisco, CA, USA",B2B,Spring 2025,Not AI Related
"San Francisco, CA, USA",B2B,Spring 2025,AI Related
"San Francisco, CA, USA",Consumer,Spring 2025,AI Related
"San Francisco, CA, USA",Industrials,Spring 2025,Not AI Related
"San Francisco, CA, USA",B2B,Summer 2025,Not AI Related
"San Francisco, CA, USA",B2B,Summer 2025,Not AI Related
"San Francisco, CA, USA",B2B,Summer 2025,AI Related
"San Francisco, CA, USA",B2B,Summer 2025,Not AI Related
"San Francisco, CA, USA",B2B,Summer 2025,AI Related
"San Francisco, CA, USA",Healthcare,Summer 2025,AI Related
"San Francisco, CA, USA",B2B,Summer 2025,Not AI Related
"San Francisco, CA, USA",B2B,Summer 2025,AI Related
"San Francisco, CA, USA",B2B,Summer 2025,Not AI Related
"San Francisco, CA, USA",Fintech,Summer 2025,AI Related
"San Francisco, CA, USA",Government,Summer 2025,Not AI Related
"San Francisco, CA, USA",B2B,Summer 2025,AI Related
"San Francisco, CA, USA",Fintech,Summer 2025,AI Related
"San Francisco, CA, USA",B2B,Summer 2025,Not AI Related
"San Francisco, CA, USA",Consumer,Summer 2025,AI Related
"San Francisco, CA, USA",B2B,Summer 2025,AI Related
"San Francisco, CA, USA",Industrials,Summer 2025,Not AI Related
"San Francisco, CA, USA",B2B,Summer 2025,AI Related
"San Francisco, CA, USA",B2B,Summer 2025,Not AI Related
"San Francisco, CA, USA",B2B,Summer 2025,AI Related
"San Francisco, CA, USA",Industrials,Summer 2025,AI Related
"San Francisco, CA, USA",B2B,Summer 2025,AI Related
"San Francisco, CA, USA",Consumer,Summer 2025,Not AI Related
"San Francisco, CA, USA",B2B,Summer 2025,AI Related
"San Francisco, CA, USA",B2B,Summer 2025,AI Related
